{
  "vendor_id": 4661,
  "product_id": 10,
  "in_endpoint": 1,
  "out_endpoint": 2,
  "interface": {"Midi": {
    "client_name": "autocrap",
    "out_port": {"Virtual": "autocrap"},
    "in_port": {"Virtual": "autocrap"}
  }},
  "mappings": [
    {"Range": {
      "count": 8,
      "mapping": {
        "name": "knob{i}",
        "ctrl_in_num": 64,
        "ctrl_out_num": 64,
        "ctrl_kind": {"Relative": {"mode": "Accumulate"}},
        "midi": {
          "channel": 13,
          "kind": "Cc",
          "num": 64
        }
      }
    }},
    {"Range": {
      "count": 8,
      "mapping": {
        "name": "knob{i}Touch",
        "ctrl_in_num": 95,
        "ctrl_kind": {"OnOff": {"mode": "Momentary"}},
        "midi": {
          "channel": 13,
          "kind": "Cc",
          "num": 95
        }
      }
    }},
    {"Range": {
      "count": 16,
      "mapping": {
        "name": "button{i}",
        "ctrl_in_num": 112,
        "ctrl_out_num": 112,
        "ctrl_kind": {"OnOff": {"mode": "Toggle"}},
        "midi": {
          "channel": 13,
          "kind": "Cc",
          "num": 112
        }
      }
    }},
    {"Single": {
      "name": "xfader",
      "ctrl_in_sequence": [72, 73],
      "ctrl_kind": "EightBit",
      "midi": {
        "channel": 13,
        "kind": "Cc",
        "num": 72
      }
    }},
    {"Single": {
      "name": "xfaderTouch",
      "ctrl_in_num": 83,
      "ctrl_kind": {"OnOff": {"mode": "Momentary"}},
      "midi": {
        "channel": 13,
        "kind": "Cc",
        "num": 83
      }
    }},
    {"Single": {
      "name": "speedDial",
      "ctrl_in_num": 74,
      "ctrl_out_num": 80,
      "ctrl_kind": {"Relative": {"mode": "Accumulate"}},
      "midi": {
        "channel": 13,
        "kind": "Cc",
        "num": 74
      }
    }},
    {"Single": {
      "name": "speedDialTouch",
      "ctrl_in_num": 82,
      "ctrl_kind": {"OnOff": {"mode": "Momentary"}},
      "midi": {
        "channel": 13,
        "kind": "Cc",
        "num": 82
      }
    }},
    {"Single": {
      "name": "speedDialButton",
      "ctrl_in_num": 81,
      "ctrl_kind": {"OnOff": {"mode": "Momentary"}},
      "midi": {
        "channel": 13,
        "kind": "Cc",
        "num": 81
      }
    }}
  ]
}
